<?xml version="1.0" encoding="utf-8"?>
<activity id="436" moduleid="14283" modulename="facetoface" contextid="120596">
	<facetoface id="436">
		<name>Activity name</name>
		<intro></intro>
		<introformat>1</introformat>
		<thirdparty></thirdparty>
		<thirdpartywaitlist>0</thirdpartywaitlist>
		<display>6</display>
		<timecreated>0</timecreated>
		<timemodified>1615156270</timemodified>
		<shortname></shortname>
		<showoncalendar>1</showoncalendar>
		<usercalentry>1</usercalentry>
		<multiplesessions>1</multiplesessions>
		<completionstatusrequired>$@NULL@$</completionstatusrequired>
		<managerreserve>1</managerreserve>
		<maxmanagerreserves>4</maxmanagerreserves>
		<reservecanceldays>0</reservecanceldays>
		<reservedays>5</reservedays>
		<declareinterest>0</declareinterest>
		<interestonlyiffull>0</interestonlyiffull>
		<allowcancellationsdefault>1</allowcancellationsdefault>
		<cancellationscutoffdefault>0</cancellationscutoffdefault>
		<selectjobassignmentonsignup>0</selectjobassignmentonsignup>
		<forceselectjobassignment>0</forceselectjobassignment>
		<approvaltype>0</approvaltype>
		<approvalrole>$@NULL@$</approvalrole>
		<approvalterms>By checking the box you confirm that permission to sign up to this seminar activity has been granted by your manager.

Falsely claiming that approval has been granted can result in non-admittance and disciplinary action.</approvalterms>
		<approvaladmins>$@NULL@$</approvaladmins>
		<multisignupfully>0</multisignupfully>
		<multisignuppartly>0</multisignuppartly>
		<multisignupnoshow>0</multisignupnoshow>
		<multisignupmaximum>0</multisignupmaximum>
		<waitlistautoclean>0</waitlistautoclean>
		<notifications>
			<notification id="7944">
				<type>4</type>
				<conditiontype>4</conditiontype>
				<scheduleunit>$@NULL@$</scheduleunit>
				<scheduleamount>$@NULL@$</scheduleamount>
				<scheduletime>$@NULL@$</scheduletime>
				<ccmanager>1</ccmanager>
				<managerprefix>&lt;div class="text_to_html"&gt;&lt;span style="background-color: #ffff00;"&gt;*** Advice only ****&lt;/span&gt;&lt;br /&gt;&lt;br /&gt;&lt;strong&gt; This is to advise that [firstname] [lastname] has been formally booked for the following course and listed you as their Team Leader / Manager.&lt;/strong&gt;&lt;br /&gt;&lt;br /&gt; If you are not their Team Leader / Manager and believe you have received this email by mistake please reply to this email. If you have concerns about your staff member taking this course please discuss this with them directly.&lt;br /&gt;&lt;br /&gt; Below are the details that were sent to your staff member:&lt;br /&gt;&lt;br /&gt;&lt;/div&gt;
&lt;div class="text_to_html"&gt;&lt;strong&gt;Participant: &lt;/strong&gt;[firstname] [lastname]&lt;br /&gt;&lt;strong&gt;Course: &lt;/strong&gt;[coursename]&lt;br /&gt;&lt;strong&gt;Seminar: &lt;/strong&gt;[facetofacename]&lt;br /&gt;&lt;strong&gt;Cost:&lt;/strong&gt; [cost]&lt;br /&gt;&lt;br /&gt;&lt;strong&gt;Date(s) and location(s):&lt;/strong&gt;&lt;br /&gt;&lt;strong&gt;[#sessions]&lt;/strong&gt;&lt;br /&gt;&lt;strong&gt;[session:startdate], [session:starttime] - [session:finishdate], [session:finishtime] [session:timezone]&lt;/strong&gt;&lt;/div&gt;
&lt;div class="text_to_html"&gt;&lt;br /&gt;&lt;strong&gt;Duration:&lt;/strong&gt; [session:duration]&lt;br /&gt;&lt;strong&gt;Room:&lt;/strong&gt; [session:room:name]&lt;br /&gt;&lt;strong&gt;Building:&lt;/strong&gt; [session:room:cf_building]&lt;br /&gt;&lt;strong&gt;Location:&lt;/strong&gt; [session:room:cf_location]&lt;br /&gt;[session:room:link]&lt;br /&gt;[/sessions]&lt;br /&gt;&lt;br /&gt;&lt;br /&gt;&lt;/div&gt;</managerprefix>
				<title>Seminar booking confirmation: [facetofacename], [starttime]-[finishtime], [sessiondate]</title>
				<body>&lt;div class="text_to_html"&gt;This is to confirm that &lt;strong&gt;you are now booked on the following course:&lt;/strong&gt;&lt;br /&gt;&lt;br /&gt; &lt;strong&gt;Participant:&lt;/strong&gt; [firstname] [lastname]&lt;br /&gt;&lt;strong&gt;Course: &lt;/strong&gt;[coursename]&lt;br /&gt;&lt;strong&gt; Seminar: &lt;/strong&gt;[facetofacename]&lt;br /&gt; Cost: [cost]&lt;br /&gt;&lt;br /&gt;&lt;strong&gt;Date(s) and location(s):&lt;/strong&gt;&lt;br /&gt;&lt;strong&gt; [#sessions]&lt;/strong&gt;&lt;br /&gt;&lt;strong&gt; [session:startdate], [session:starttime] - [session:finishdate], [session:finishtime] [session:timezone]&lt;/strong&gt;&lt;br /&gt; Duration: [session:duration]&lt;br /&gt; Room: [session:room:name]&lt;br /&gt; Building: [session:room:cf_building]&lt;br /&gt; Location: [session:room:cf_location]&lt;br /&gt; [session:room:link]&lt;br /&gt; [/sessions]&lt;br /&gt;&lt;br /&gt; ***Please arrive ten minutes before the course starts***&lt;br /&gt;&lt;br /&gt; To re-schedule or cancel your booking&lt;br /&gt; To re-schedule your booking you need to cancel this booking and then re-book a new event. To cancel your booking, return to the site, then to the page for this course, and then select 'cancel' from the booking information screen.&lt;br /&gt;&lt;br /&gt; [details]&lt;/div&gt;</body>
				<booked>0</booked>
				<waitlisted>0</waitlisted>
				<cancelled>0</cancelled>
				<requested>0</requested>
				<templateid>1</templateid>
				<status>1</status>
				<issent>0</issent>
				<timemodified>1615156270</timemodified>
				<usermodified>19239</usermodified>
			</notification>
			<notification id="7945">
				<type>4</type>
				<conditiontype>16</conditiontype>
				<scheduleunit>$@NULL@$</scheduleunit>
				<scheduleamount>$@NULL@$</scheduleamount>
				<scheduletime>$@NULL@$</scheduletime>
				<ccmanager>0</ccmanager>
				<managerprefix></managerprefix>
				<title>Waitlisting notification for [facetofacename]</title>
				<body>&lt;div class="text_to_html"&gt;&lt;span style="background-color: #ffff00;"&gt;YOU ARE NOW ON A WAITLIST&lt;/span&gt;&lt;/div&gt;
&lt;div class="text_to_html"&gt; &lt;/div&gt;
&lt;div class="text_to_html"&gt;This is to advise that you have been added to the waitlist for:&lt;br /&gt;&lt;br /&gt; Course: [coursename]&lt;br /&gt; Seminar: [facetofacename]&lt;br /&gt; Participant: [firstname] [lastname]&lt;br /&gt;&lt;br /&gt; Location(s):&lt;br /&gt; [#sessions]&lt;br /&gt; Room: [session:room:name]&lt;br /&gt; Building: [session:room:cf_building]&lt;br /&gt; Location: [session:room:cf_location]&lt;br /&gt; [session:room:link]&lt;br /&gt; [/sessions]&lt;br /&gt;&lt;br /&gt;&lt;strong&gt; ***Please note this is not a course booking confirmation***&lt;/strong&gt;&lt;br /&gt;&lt;br /&gt; By waitlisting you have registered your interest in this course and will be contacted directly when events become available.&lt;br /&gt;&lt;br /&gt; To remove yourself from this waitlist please return to this course and click Cancel waitlist. Please note there is no waitlist removal confirmation email.&lt;/div&gt;</body>
				<booked>0</booked>
				<waitlisted>0</waitlisted>
				<cancelled>0</cancelled>
				<requested>0</requested>
				<templateid>3</templateid>
				<status>1</status>
				<issent>0</issent>
				<timemodified>1615156270</timemodified>
				<usermodified>19239</usermodified>
			</notification>
			<notification id="7946">
				<type>4</type>
				<conditiontype>8</conditiontype>
				<scheduleunit>$@NULL@$</scheduleunit>
				<scheduleamount>$@NULL@$</scheduleamount>
				<scheduletime>$@NULL@$</scheduletime>
				<ccmanager>1</ccmanager>
				<managerprefix>&lt;div class="text_to_html"&gt;*** Advice only ****&lt;br /&gt;&lt;br /&gt; This is to advise that [firstname] [lastname] is no longer signed up for the following course and listed you as their Team Leader / Manager.&lt;br /&gt;&lt;br /&gt; Below is the message that was sent to the learner:&lt;br /&gt;&lt;br /&gt;&lt;/div&gt;
&lt;div class="text_to_html"&gt;&lt;span&gt;&lt;br /&gt;Participant: [firstname] [lastname]&lt;br /&gt;Course: [coursename]&lt;br /&gt;Seminar: [facetofacename]&lt;br /&gt;&lt;br /&gt;Date(s) and location(s):&lt;br /&gt;[#sessions]&lt;br /&gt;[session:startdate], [session:starttime] - [session:finishdate], [session:finishtime] [session:timezone]&lt;br /&gt;Duration: [session:duration]&lt;br /&gt;Room: [session:room:name]&lt;br /&gt;Building: [session:room:cf_building]&lt;br /&gt;Location: [session:room:cf_location]&lt;br /&gt;[session:room:link]&lt;br /&gt;[/sessions]&lt;/span&gt;&lt;/div&gt;</managerprefix>
				<title>Seminar booking cancellation</title>
				<body>&lt;div class="text_to_html"&gt;This is to advise that your booking on the following course has been cancelled:&lt;br /&gt;&lt;br /&gt; ***BOOKING CANCELLED***&lt;br /&gt;&lt;br /&gt; Participant: [firstname] [lastname]&lt;br /&gt; Course: [coursename]&lt;br /&gt; Seminar: [facetofacename]&lt;br /&gt;&lt;br /&gt; Date(s) and location(s):&lt;br /&gt; [#sessions]&lt;br /&gt; [session:startdate], [session:starttime] - [session:finishdate], [session:finishtime] [session:timezone]&lt;br /&gt; Duration: [session:duration]&lt;br /&gt; Room: [session:room:name]&lt;br /&gt; Building: [session:room:cf_building]&lt;br /&gt; Location: [session:room:cf_location]&lt;br /&gt; [session:room:link]&lt;br /&gt; [/sessions]&lt;/div&gt;
&lt;div class="text_to_html"&gt; &lt;/div&gt;
&lt;div class="text_to_html"&gt;&lt;span&gt;&lt;br /&gt; &lt;span style="background-color: #ffff00;"&gt;&lt;strong&gt;To re-schedule your booking you need to cancel this booking and then re-book a new event. To cancel your booking, return to the site, then to the page for this course, and then select 'cancel' from the booking information screen.&lt;/strong&gt;&lt;/span&gt;&lt;/span&gt;&lt;/div&gt;</body>
				<booked>0</booked>
				<waitlisted>0</waitlisted>
				<cancelled>1</cancelled>
				<requested>0</requested>
				<templateid>2</templateid>
				<status>1</status>
				<issent>0</issent>
				<timemodified>1615156270</timemodified>
				<usermodified>19239</usermodified>
			</notification>
			<notification id="7947">
				<type>4</type>
				<conditiontype>12</conditiontype>
				<scheduleunit>$@NULL@$</scheduleunit>
				<scheduleamount>$@NULL@$</scheduleamount>
				<scheduletime>$@NULL@$</scheduletime>
				<ccmanager>0</ccmanager>
				<managerprefix>&lt;div class="text_to_html"&gt;*** Advice only ****&lt;br /&gt;&lt;br /&gt; This is to advise that [firstname] [lastname] is no longer signed up for the following course and listed you as their Team Leader / Manager.&lt;br /&gt;&lt;br /&gt; Below is the message that was sent to the learner:&lt;br /&gt;&lt;br /&gt;&lt;/div&gt;
&lt;div class="text_to_html"&gt;&lt;br /&gt;***BOOKING DECLINED***&lt;br /&gt;&lt;br /&gt;Participant: [firstname] [lastname]&lt;br /&gt;Course: [coursename]&lt;br /&gt;Seminar: [facetofacename]&lt;br /&gt;&lt;br /&gt;Date(s) and location(s):&lt;br /&gt;[#sessions]&lt;br /&gt;[session:startdate], [session:starttime] - [session:finishdate], [session:finishtime] [session:timezone]&lt;br /&gt;Duration: [session:duration]&lt;br /&gt;Room: [session:room:name]&lt;br /&gt;Building: [session:room:cf_building]&lt;br /&gt;Location: [session:room:cf_location]&lt;br /&gt;[session:room:link]&lt;br /&gt;[/sessions]&lt;/div&gt;</managerprefix>
				<title>Seminar booking decline</title>
				<body>&lt;div class="text_to_html"&gt;This is to advise that your booking on the following course has been declined:&lt;br /&gt;&lt;br /&gt; ***BOOKING DECLINED***&lt;br /&gt;&lt;br /&gt; Participant: [firstname] [lastname]&lt;br /&gt; Course: [coursename]&lt;br /&gt; Seminar: [facetofacename]&lt;br /&gt;&lt;br /&gt; Date(s) and location(s):&lt;br /&gt; [#sessions]&lt;br /&gt; [session:startdate], [session:starttime] - [session:finishdate], [session:finishtime] [session:timezone]&lt;br /&gt; Duration: [session:duration]&lt;br /&gt; Room: [session:room:name]&lt;br /&gt; Building: [session:room:cf_building]&lt;br /&gt; Location: [session:room:cf_location]&lt;br /&gt; [session:room:link]&lt;br /&gt; [/sessions]&lt;/div&gt;</body>
				<booked>0</booked>
				<waitlisted>0</waitlisted>
				<cancelled>0</cancelled>
				<requested>0</requested>
				<templateid>6</templateid>
				<status>1</status>
				<issent>0</issent>
				<timemodified>1615156270</timemodified>
				<usermodified>19239</usermodified>
			</notification>
			<notification id="7948">
				<type>4</type>
				<conditiontype>1</conditiontype>
				<scheduleunit>2</scheduleunit>
				<scheduleamount>2</scheduleamount>
				<scheduletime>172800</scheduletime>
				<ccmanager>1</ccmanager>
				<managerprefix>&lt;div class="text_to_html"&gt;*** Reminder only ****&lt;br /&gt; &lt;br /&gt; Your staff member [firstname] [lastname] is booked to attend and above course and has also received this reminder email.&lt;br /&gt; &lt;br /&gt; If you are not their Team Leader / Manager and believe you have received this email by mistake please reply to this email.&lt;br /&gt; &lt;br /&gt; Below is the message that was sent to the learner:&lt;br /&gt;&lt;br /&gt;&lt;/div&gt;</managerprefix>
				<title>Seminar booking reminder: [facetofacename], [starttime]-[finishtime], [sessiondate]</title>
				<body>&lt;div class="text_to_html"&gt;This is a reminder that you are booked on the following course:&lt;br /&gt; &lt;br /&gt; Participant: [firstname] [lastname]&lt;br /&gt; Course: [coursename]&lt;br /&gt; Seminar: [facetofacename]&lt;br /&gt; Cost: [cost]&lt;br /&gt; &lt;br /&gt; Date(s) and location(s):&lt;br /&gt; [#sessions]&lt;br /&gt; [session:startdate], [session:starttime] - [session:finishdate], [session:finishtime] [session:timezone]&lt;br /&gt; Duration: [session:duration]&lt;br /&gt; Room: [session:room:name]&lt;br /&gt; Building: [session:room:cf_building]&lt;br /&gt; Location: [session:room:cf_location]&lt;br /&gt; [session:room:link]&lt;br /&gt; [/sessions]&lt;br /&gt; &lt;br /&gt; ***Please arrive ten minutes before the course starts***&lt;br /&gt; &lt;br /&gt; To re-schedule or cancel your booking&lt;br /&gt; To re-schedule your booking you need to cancel this booking and then re-book a new event. To cancel your booking, return to the site, then to the page for this course, and then select 'cancel' from the booking information screen.&lt;br /&gt; &lt;br /&gt; [details]&lt;/div&gt;</body>
				<booked>1</booked>
				<waitlisted>0</waitlisted>
				<cancelled>0</cancelled>
				<requested>0</requested>
				<templateid>4</templateid>
				<status>1</status>
				<issent>0</issent>
				<timemodified>1615156270</timemodified>
				<usermodified>19239</usermodified>
			</notification>
			<notification id="7949">
				<type>4</type>
				<conditiontype>32</conditiontype>
				<scheduleunit>$@NULL@$</scheduleunit>
				<scheduleamount>$@NULL@$</scheduleamount>
				<scheduletime>$@NULL@$</scheduletime>
				<ccmanager>1</ccmanager>
				<managerprefix>&lt;div class="text_to_html"&gt;This is to advise that [firstname] [lastname] has requested to be booked into the following course, and you are listed as their Team Leader / Manager.&lt;br /&gt;&lt;br /&gt;&lt;strong&gt;&lt;span style="background-color: #ffff00;"&gt;Please follow the link below to &lt;span style="text-decoration: underline;"&gt;ACCEPT OR REJECT&lt;/span&gt; the request:&lt;/span&gt;&lt;/strong&gt;&lt;br /&gt; [attendeeslink]&lt;/div&gt;
&lt;div class="text_to_html"&gt;&lt;br /&gt;&lt;br /&gt;&lt;br /&gt;&lt;/div&gt;</managerprefix>
				<title>APPROVAL REQUIRED - Face-to-face booking request: [facetofacename], [starttime]-[finishtime], [sessiondate]</title>
				<body>&lt;div class="text_to_html"&gt;&lt;strong&gt;Your request to book into the following course has been sent to your manager. Please remember you are not confirmed on to the course until your manager completes the approval.&lt;/strong&gt;&lt;br /&gt;&lt;br /&gt;&lt;strong&gt;Participant:&lt;/strong&gt; [firstname] [lastname]&lt;br /&gt;&lt;strong&gt;Course:&lt;/strong&gt; [coursename]&lt;br /&gt;&lt;strong&gt;Seminar:&lt;/strong&gt; [facetofacename]&lt;br /&gt; Cost: [cost]&lt;br /&gt;&lt;br /&gt;&lt;strong&gt;Date(s) and location(s):&lt;/strong&gt;&lt;br /&gt; [#sessions]&lt;br /&gt; [session:startdate], [session:starttime] - [session:finishdate], [session:finishtime] [session:timezone]&lt;br /&gt;&lt;strong&gt;Duration:&lt;/strong&gt; [session:duration]&lt;br /&gt;&lt;strong&gt;Room:&lt;/strong&gt; [session:room:name]&lt;br /&gt;&lt;strong&gt;Building:&lt;/strong&gt; [session:room:cf_building]&lt;br /&gt;&lt;strong&gt;Location:&lt;/strong&gt; [session:room:cf_location]&lt;br /&gt; [session:room:link]&lt;br /&gt; [/sessions]&lt;br /&gt;&lt;br /&gt; This request will expire on [registrationcutoff]&lt;/div&gt;</body>
				<booked>0</booked>
				<waitlisted>0</waitlisted>
				<cancelled>0</cancelled>
				<requested>0</requested>
				<templateid>5</templateid>
				<status>1</status>
				<issent>0</issent>
				<timemodified>1615156270</timemodified>
				<usermodified>19239</usermodified>
			</notification>
			<notification id="7950">
				<type>4</type>
				<conditiontype>65536</conditiontype>
				<scheduleunit>$@NULL@$</scheduleunit>
				<scheduleamount>$@NULL@$</scheduleamount>
				<scheduletime>$@NULL@$</scheduletime>
				<ccmanager>0</ccmanager>
				<managerprefix>&lt;div class="text_to_html"&gt;This is to advise that [firstname] [lastname] has requested to be booked into the following course, and you are listed as a [sessionrole] for the session.&lt;br /&gt;
&lt;br /&gt;
Please review this request before registration closes on [registrationcutoff]&lt;br /&gt;
&lt;br /&gt;
Follow the link below to review the request:&lt;br /&gt;
[attendeeslink]&lt;br /&gt;
&lt;br /&gt;
Below is the message that was sent to the learner:&lt;br /&gt;
&lt;br /&gt;
&lt;/div&gt;</managerprefix>
				<title>Seminar booking role request: [facetofacename], [eventperiod]</title>
				<body>&lt;div class="text_to_html"&gt;Your request to book into the following course has been sent to the sessions [sessionrole](s):&lt;br /&gt;
&lt;br /&gt;
Participant:   [firstname] [lastname]&lt;br /&gt;
Course:   [coursename]&lt;br /&gt;
Seminar:   [facetofacename]&lt;br /&gt;
Cost:   [cost]&lt;br /&gt;
&lt;br /&gt;
Date(s) and location(s):&lt;br /&gt;
[#sessions]&lt;br /&gt;
[session:startdate], [session:starttime] - [session:finishdate], [session:finishtime] [session:timezone]&lt;br /&gt;
Duration: [session:duration]&lt;br /&gt;
Room: [session:room:name]&lt;br /&gt;
Building: [session:room:cf_building]&lt;br /&gt;
Location: [session:room:cf_location]&lt;br /&gt;
[session:room:link]&lt;br /&gt;
[/sessions]&lt;br /&gt;
&lt;br /&gt;
This request will expire on [registrationcutoff]&lt;br /&gt;
&lt;/div&gt;</body>
				<booked>0</booked>
				<waitlisted>0</waitlisted>
				<cancelled>0</cancelled>
				<requested>0</requested>
				<templateid>13</templateid>
				<status>1</status>
				<issent>0</issent>
				<timemodified>1615156270</timemodified>
				<usermodified>19239</usermodified>
			</notification>
			<notification id="7951">
				<type>4</type>
				<conditiontype>131072</conditiontype>
				<scheduleunit>$@NULL@$</scheduleunit>
				<scheduleamount>$@NULL@$</scheduleamount>
				<scheduletime>$@NULL@$</scheduletime>
				<ccmanager>1</ccmanager>
				<managerprefix>&lt;div class="text_to_html"&gt;This is to advise that [firstname] [lastname] has requested to be booked into the following course, and you are listed as an approver for the session.&lt;br /&gt;
&lt;br /&gt;
Please review this request before registration closes on [registrationcutoff]&lt;br /&gt;
&lt;br /&gt;
Follow the link below to approve the request:&lt;br /&gt;
[attendeeslink]&lt;br /&gt;
&lt;br /&gt;
Below is the message that was sent to the learner:&lt;br /&gt;
&lt;br /&gt;
&lt;/div&gt;</managerprefix>
				<title>Seminar booking admin request: [facetofacename], [eventperiod]</title>
				<body>&lt;div class="text_to_html"&gt;Your request to book into the following course has been sent to the sessions approvers:&lt;br /&gt;
&lt;br /&gt;
Participant:   [firstname] [lastname]&lt;br /&gt;
Course:   [coursename]&lt;br /&gt;
Seminar:   [facetofacename]&lt;br /&gt;
Cost:   [cost]&lt;br /&gt;
&lt;br /&gt;
Date(s) and location(s):&lt;br /&gt;
[#sessions]&lt;br /&gt;
[session:startdate], [session:starttime] - [session:finishdate], [session:finishtime] [session:timezone]&lt;br /&gt;
Duration: [session:duration]&lt;br /&gt;
Room: [session:room:name]&lt;br /&gt;
Building: [session:room:cf_building]&lt;br /&gt;
Location: [session:room:cf_location]&lt;br /&gt;
[session:room:link]&lt;br /&gt;
[/sessions]&lt;br /&gt;
&lt;br /&gt;
This request will expire on [registrationcutoff]&lt;br /&gt;
&lt;/div&gt;</body>
				<booked>0</booked>
				<waitlisted>0</waitlisted>
				<cancelled>0</cancelled>
				<requested>0</requested>
				<templateid>14</templateid>
				<status>1</status>
				<issent>0</issent>
				<timemodified>1615156270</timemodified>
				<usermodified>19239</usermodified>
			</notification>
			<notification id="7952">
				<type>4</type>
				<conditiontype>64</conditiontype>
				<scheduleunit>$@NULL@$</scheduleunit>
				<scheduleamount>$@NULL@$</scheduleamount>
				<scheduletime>$@NULL@$</scheduletime>
				<ccmanager>0</ccmanager>
				<managerprefix>$@NULL@$</managerprefix>
				<title>Seminar booking date/time changed: [facetofacename], [starttime]-[finishtime], [sessiondate]</title>
				<body>&lt;div class="text_to_html"&gt;Your session has changed:&lt;br /&gt;
&lt;br /&gt;
Participant:   [firstname] [lastname]&lt;br /&gt;
Course:   [coursename]&lt;br /&gt;
Seminar:   [facetofacename]&lt;br /&gt;
&lt;br /&gt;
Date(s) and location(s):&lt;br /&gt;
[#sessions]&lt;br /&gt;
[session:startdate], [session:starttime] - [session:finishdate], [session:finishtime] [session:timezone]&lt;br /&gt;
Duration: [session:duration]&lt;br /&gt;
Room: [session:room:name]&lt;br /&gt;
Building: [session:room:cf_building]&lt;br /&gt;
Location: [session:room:cf_location]&lt;br /&gt;
[session:room:link]&lt;br /&gt;
[/sessions]&lt;br /&gt;
&lt;/div&gt;</body>
				<booked>1</booked>
				<waitlisted>1</waitlisted>
				<cancelled>0</cancelled>
				<requested>0</requested>
				<templateid>9</templateid>
				<status>1</status>
				<issent>0</issent>
				<timemodified>1615156270</timemodified>
				<usermodified>19239</usermodified>
			</notification>
			<notification id="7953">
				<type>4</type>
				<conditiontype>128</conditiontype>
				<scheduleunit>$@NULL@$</scheduleunit>
				<scheduleamount>$@NULL@$</scheduleamount>
				<scheduletime>$@NULL@$</scheduletime>
				<ccmanager>0</ccmanager>
				<managerprefix>$@NULL@$</managerprefix>
				<title>Seminar trainer confirmation: [facetofacename], [eventperiod]</title>
				<body>&lt;div class="text_to_html"&gt;This is to confirm that you are now assigned to deliver training on the following course:&lt;br /&gt;
&lt;br /&gt;
Participant:   [firstname] [lastname]&lt;br /&gt;
Course:   [coursename]&lt;br /&gt;
Seminar:   [facetofacename]&lt;br /&gt;
&lt;br /&gt;
Date(s) and location(s):&lt;br /&gt;
[#sessions]&lt;br /&gt;
[session:startdate], [session:starttime] - [session:finishdate], [session:finishtime] [session:timezone]&lt;br /&gt;
Duration: [session:duration]&lt;br /&gt;
Room: [session:room:name]&lt;br /&gt;
Building: [session:room:cf_building]&lt;br /&gt;
Location: [session:room:cf_location]&lt;br /&gt;
[session:room:link]&lt;br /&gt;
[/sessions]&lt;br /&gt;
&lt;br /&gt;
***Please arrive ten minutes before the course starts***&lt;br /&gt;
&lt;br /&gt;
[details]&lt;br /&gt;
&lt;/div&gt;</body>
				<booked>0</booked>
				<waitlisted>0</waitlisted>
				<cancelled>0</cancelled>
				<requested>0</requested>
				<templateid>12</templateid>
				<status>1</status>
				<issent>0</issent>
				<timemodified>1615156270</timemodified>
				<usermodified>19239</usermodified>
			</notification>
			<notification id="7954">
				<type>4</type>
				<conditiontype>256</conditiontype>
				<scheduleunit>$@NULL@$</scheduleunit>
				<scheduleamount>$@NULL@$</scheduleamount>
				<scheduletime>$@NULL@$</scheduletime>
				<ccmanager>0</ccmanager>
				<managerprefix>$@NULL@$</managerprefix>
				<title>Seminar event trainer cancellation</title>
				<body>&lt;div class="text_to_html"&gt;This is to advise that your assigned training event the following course has been cancelled:&lt;br /&gt;
&lt;br /&gt;
***EVENT CANCELLED***&lt;br /&gt;
&lt;br /&gt;
Participant:   [firstname] [lastname]&lt;br /&gt;
Course:   [coursename]&lt;br /&gt;
Seminar:   [facetofacename]&lt;br /&gt;
&lt;br /&gt;
Date(s) and location(s):&lt;br /&gt;
[#sessions]&lt;br /&gt;
[session:startdate], [session:starttime] - [session:finishdate], [session:finishtime] [session:timezone]&lt;br /&gt;
Duration: [session:duration]&lt;br /&gt;
Room: [session:room:name]&lt;br /&gt;
Building: [session:room:cf_building]&lt;br /&gt;
Location: [session:room:cf_location]&lt;br /&gt;
[session:room:link]&lt;br /&gt;
[/sessions]&lt;br /&gt;
&lt;/div&gt;</body>
				<booked>0</booked>
				<waitlisted>0</waitlisted>
				<cancelled>0</cancelled>
				<requested>0</requested>
				<templateid>10</templateid>
				<status>1</status>
				<issent>0</issent>
				<timemodified>1615156270</timemodified>
				<usermodified>19239</usermodified>
			</notification>
			<notification id="7955">
				<type>4</type>
				<conditiontype>512</conditiontype>
				<scheduleunit>$@NULL@$</scheduleunit>
				<scheduleamount>$@NULL@$</scheduleamount>
				<scheduletime>$@NULL@$</scheduletime>
				<ccmanager>0</ccmanager>
				<managerprefix>$@NULL@$</managerprefix>
				<title>Seminar event trainer unassigned</title>
				<body>&lt;div class="text_to_html"&gt;This is to advise that you have been unassigned from training for following course:&lt;br /&gt;
&lt;br /&gt;
***EVENT UNASSIGNED***&lt;br /&gt;
&lt;br /&gt;
Participant:   [firstname] [lastname]&lt;br /&gt;
Course:   [coursename]&lt;br /&gt;
Seminar:   [facetofacename]&lt;br /&gt;
&lt;br /&gt;
Date(s) and location(s):&lt;br /&gt;
[#sessions]&lt;br /&gt;
[session:startdate], [session:starttime] - [session:finishdate], [session:finishtime] [session:timezone]&lt;br /&gt;
Duration: [session:duration]&lt;br /&gt;
Room: [session:room:name]&lt;br /&gt;
Building: [session:room:cf_building]&lt;br /&gt;
Location: [session:room:cf_location]&lt;br /&gt;
[session:room:link]&lt;br /&gt;
[/sessions]&lt;br /&gt;
&lt;/div&gt;</body>
				<booked>0</booked>
				<waitlisted>0</waitlisted>
				<cancelled>0</cancelled>
				<requested>0</requested>
				<templateid>11</templateid>
				<status>1</status>
				<issent>0</issent>
				<timemodified>1615156270</timemodified>
				<usermodified>19239</usermodified>
			</notification>
			<notification id="7956">
				<type>4</type>
				<conditiontype>16384</conditiontype>
				<scheduleunit>$@NULL@$</scheduleunit>
				<scheduleamount>$@NULL@$</scheduleamount>
				<scheduletime>$@NULL@$</scheduletime>
				<ccmanager>0</ccmanager>
				<managerprefix>$@NULL@$</managerprefix>
				<title>Reservation cancellation</title>
				<body>&lt;div class="text_to_html"&gt;This is to advise you that your reservation for the following course has been cancelled:&lt;br /&gt;
&lt;br /&gt;
***RESERVATION CANCELLED***&lt;br /&gt;
&lt;br /&gt;
Course:   [facetofacename]&lt;br /&gt;
&lt;br /&gt;
Date(s) and location(s):&lt;br /&gt;
[#sessions]&lt;br /&gt;
[session:startdate], [session:starttime] - [session:finishdate], [session:finishtime] [session:timezone]&lt;br /&gt;
Duration: [session:duration]&lt;br /&gt;
Room: [session:room:name]&lt;br /&gt;
Building: [session:room:cf_building]&lt;br /&gt;
Location: [session:room:cf_location]&lt;br /&gt;
[session:room:link]&lt;br /&gt;
[/sessions]&lt;br /&gt;
&lt;/div&gt;</body>
				<booked>0</booked>
				<waitlisted>0</waitlisted>
				<cancelled>1</cancelled>
				<requested>0</requested>
				<templateid>7</templateid>
				<status>1</status>
				<issent>0</issent>
				<timemodified>1615156270</timemodified>
				<usermodified>19239</usermodified>
			</notification>
			<notification id="7957">
				<type>4</type>
				<conditiontype>32768</conditiontype>
				<scheduleunit>$@NULL@$</scheduleunit>
				<scheduleamount>$@NULL@$</scheduleamount>
				<scheduletime>$@NULL@$</scheduletime>
				<ccmanager>0</ccmanager>
				<managerprefix>$@NULL@$</managerprefix>
				<title>All reservations cancelled</title>
				<body>&lt;div class="text_to_html"&gt;This is to advise you that all unallocated reservations for the following course have been automatically cancelled, as the course will be starting soon:&lt;br /&gt;
&lt;br /&gt;
***ALL RESERVATIONS CANCELLED***&lt;br /&gt;
&lt;br /&gt;
Course:   [facetofacename]&lt;br /&gt;
&lt;br /&gt;
Date(s) and location(s):&lt;br /&gt;
[#sessions]&lt;br /&gt;
[session:startdate], [session:starttime] - [session:finishdate], [session:finishtime] [session:timezone]&lt;br /&gt;
Duration: [session:duration]&lt;br /&gt;
Room: [session:room:name]&lt;br /&gt;
Building: [session:room:cf_building]&lt;br /&gt;
Location: [session:room:cf_location]&lt;br /&gt;
[session:room:link]&lt;br /&gt;
[/sessions]&lt;br /&gt;
&lt;/div&gt;</body>
				<booked>0</booked>
				<waitlisted>0</waitlisted>
				<cancelled>1</cancelled>
				<requested>0</requested>
				<templateid>8</templateid>
				<status>1</status>
				<issent>0</issent>
				<timemodified>1615156270</timemodified>
				<usermodified>19239</usermodified>
			</notification>
			<notification id="7958">
				<type>4</type>
				<conditiontype>2048</conditiontype>
				<scheduleunit>$@NULL@$</scheduleunit>
				<scheduleamount>$@NULL@$</scheduleamount>
				<scheduletime>$@NULL@$</scheduletime>
				<ccmanager>0</ccmanager>
				<managerprefix>&lt;div class="text_to_html"&gt;*** [firstname] [lastname]'s session cancellation is copied below ****&lt;/div&gt;</managerprefix>
				<title>Seminar event cancellation</title>
				<body>&lt;div class="text_to_html"&gt;This is to advise that the following session has been cancelled:&lt;br /&gt;
&lt;br /&gt;
***EVENT CANCELLED***&lt;br /&gt;
&lt;br /&gt;
Course:   [coursename]&lt;br /&gt;
Seminar:   [facetofacename]&lt;br /&gt;
&lt;br /&gt;
Date(s) and location(s):&lt;br /&gt;
[#sessions]&lt;br /&gt;
[session:startdate], [session:starttime] - [session:finishdate], [session:finishtime] [session:timezone]&lt;br /&gt;
Duration: [session:duration]&lt;br /&gt;
Room: [session:room:name]&lt;br /&gt;
Building: [session:room:cf_building]&lt;br /&gt;
Location: [session:room:cf_location]&lt;br /&gt;
[session:room:link]&lt;br /&gt;
[/sessions]&lt;br /&gt;
&lt;/div&gt;</body>
				<booked>0</booked>
				<waitlisted>0</waitlisted>
				<cancelled>1</cancelled>
				<requested>0</requested>
				<templateid>15</templateid>
				<status>1</status>
				<issent>0</issent>
				<timemodified>1615156270</timemodified>
				<usermodified>19239</usermodified>
			</notification>
			<notification id="7959">
				<type>4</type>
				<conditiontype>1024</conditiontype>
				<scheduleunit>$@NULL@$</scheduleunit>
				<scheduleamount>$@NULL@$</scheduleamount>
				<scheduletime>$@NULL@$</scheduletime>
				<ccmanager>0</ccmanager>
				<managerprefix>&lt;div class="text_to_html"&gt;&lt;br /&gt;
*** Advice only ****&lt;br /&gt;
&lt;br /&gt;
This is to advise that [firstname] [lastname] has been sent the following email and you are listed as their Team Leader / Manager.&lt;br /&gt;
&lt;br /&gt;
If you are not their Team Leader / Manager and believe you have received this email by mistake please reply to this email.&lt;br /&gt;
&lt;br /&gt;
Below is the message that was sent to the learner:&lt;br /&gt;
&lt;br /&gt;
&lt;/div&gt;</managerprefix>
				<title>Seminar registration closed: [facetofacename], [starttime]-[finishtime], [sessiondate]</title>
				<body>&lt;div class="text_to_html"&gt;The registration period for the following session has been closed:&lt;br /&gt;
&lt;br /&gt;
Course: [coursename]&lt;br /&gt;
&lt;br /&gt;
Seminar: [facetofacename]&lt;br /&gt;
&lt;br /&gt;
Date(s) and location(s):&lt;br /&gt;
[#sessions]&lt;br /&gt;
[session:startdate], [session:starttime] - [session:finishdate], [session:finishtime] [session:timezone]&lt;br /&gt;
Duration: [session:duration]&lt;br /&gt;
Room: [session:room:name]&lt;br /&gt;
Building: [session:room:cf_building]&lt;br /&gt;
Location: [session:room:cf_location]&lt;br /&gt;
[session:room:link]&lt;br /&gt;
[/sessions]&lt;br /&gt;
&lt;/div&gt;</body>
				<booked>0</booked>
				<waitlisted>0</waitlisted>
				<cancelled>0</cancelled>
				<requested>0</requested>
				<templateid>16</templateid>
				<status>1</status>
				<issent>0</issent>
				<timemodified>1615156270</timemodified>
				<usermodified>19239</usermodified>
			</notification>
			<notification id="7960">
				<type>4</type>
				<conditiontype>262144</conditiontype>
				<scheduleunit>$@NULL@$</scheduleunit>
				<scheduleamount>$@NULL@$</scheduleamount>
				<scheduletime>$@NULL@$</scheduletime>
				<ccmanager>1</ccmanager>
				<managerprefix>&lt;div class="text_to_html"&gt;*** Advice only ****&lt;br /&gt;
Your staff member [firstname] [lastname] had a pending request to attend the below seminar event and has also received this closure email.&lt;br /&gt;
&lt;br /&gt;
If you are not their Team Leader / Manager and believe you have received this email by mistake please reply to this email.&lt;br /&gt;
&lt;br /&gt;
Below is the message that was sent to the learner:&lt;br /&gt;
&lt;br /&gt;
&lt;/div&gt;</managerprefix>
				<title>Seminar event registration closure</title>
				<body>&lt;div class="text_to_html"&gt;This is to advise that your pending booking request for the following seminar event has expired:&lt;br /&gt;
This seminar events registration period has closed while your request was pending, please request a booking on a different event.&lt;br /&gt;
&lt;br /&gt;
Course: [coursename]&lt;br /&gt;
&lt;br /&gt;
Seminar: [facetofacename]&lt;br /&gt;
&lt;br /&gt;
Date(s) and location(s):&lt;br /&gt;
[#sessions]&lt;br /&gt;
[session:startdate], [session:starttime] - [session:finishdate], [session:finishtime] [session:timezone]&lt;br /&gt;
Duration: [session:duration]&lt;br /&gt;
Room: [session:room:name]&lt;br /&gt;
Building: [session:room:cf_building]&lt;br /&gt;
Location: [session:room:cf_location]&lt;br /&gt;
[session:room:link]&lt;br /&gt;
[/sessions]&lt;br /&gt;
&lt;/div&gt;</body>
				<booked>0</booked>
				<waitlisted>0</waitlisted>
				<cancelled>0</cancelled>
				<requested>1</requested>
				<templateid>17</templateid>
				<status>1</status>
				<issent>0</issent>
				<timemodified>1615156270</timemodified>
				<usermodified>19239</usermodified>
			</notification>
			<notification id="7961">
				<type>4</type>
				<conditiontype>524288</conditiontype>
				<scheduleunit>$@NULL@$</scheduleunit>
				<scheduleamount>$@NULL@$</scheduleamount>
				<scheduletime>$@NULL@$</scheduletime>
				<ccmanager>0</ccmanager>
				<managerprefix>$@NULL@$</managerprefix>
				<title>Waitlisted signup expired</title>
				<body>&lt;div class="text_to_html"&gt;This is to advise you that your waitlisted signup for the following course has been cancelled due to the event starting:&lt;br /&gt;
&lt;br /&gt;
***WAITLIST CANCELLATION***&lt;br /&gt;
&lt;br /&gt;
Course:   [facetofacename]&lt;br /&gt;
&lt;br /&gt;
Date(s) and location(s):&lt;br /&gt;
[#sessions]&lt;br /&gt;
[session:startdate], [session:starttime] - [session:finishdate], [session:finishtime] [session:timezone]&lt;br /&gt;
Duration: [session:duration]&lt;br /&gt;
Room: [session:room:name]&lt;br /&gt;
Building: [session:room:cf_building]&lt;br /&gt;
Location: [session:room:cf_location]&lt;br /&gt;
[session:room:link]&lt;br /&gt;
[/sessions]&lt;/div&gt;</body>
				<booked>0</booked>
				<waitlisted>0</waitlisted>
				<cancelled>0</cancelled>
				<requested>1</requested>
				<templateid>20</templateid>
				<status>1</status>
				<issent>0</issent>
				<timemodified>1615156270</timemodified>
				<usermodified>19239</usermodified>
			</notification>
			<notification id="7962">
				<type>4</type>
				<conditiontype>1048576</conditiontype>
				<scheduleunit>$@NULL@$</scheduleunit>
				<scheduleamount>$@NULL@$</scheduleamount>
				<scheduletime>$@NULL@$</scheduletime>
				<ccmanager>0</ccmanager>
				<managerprefix>$@NULL@$</managerprefix>
				<title>Event under minimum bookings for: [facetofacename]</title>
				<body>&lt;div class="text_to_html"&gt;The following event is under minimum bookings:&lt;br /&gt;
&lt;br /&gt;
***EVENT UNDER CAPACITY***&lt;br /&gt;
&lt;br /&gt;
Course:   [coursename]&lt;br /&gt;
Seminar:   [facetofacename]&lt;br /&gt;
&lt;br /&gt;
Capacity: [booked] / [capacity] (minimum: [mincapacity])&lt;br /&gt;
&lt;br /&gt;
Date(s) and location(s):&lt;br /&gt;
[#sessions]&lt;br /&gt;
[session:startdate], [session:starttime] - [session:finishdate], [session:finishtime] [session:timezone]&lt;br /&gt;
Duration: [session:duration]&lt;br /&gt;
Room: [session:room:name]&lt;br /&gt;
Building: [session:room:cf_building]&lt;br /&gt;
Location: [session:room:cf_location]&lt;br /&gt;
[session:room:link]&lt;br /&gt;
[/sessions]&lt;/div&gt;</body>
				<booked>0</booked>
				<waitlisted>0</waitlisted>
				<cancelled>0</cancelled>
				<requested>1</requested>
				<templateid>21</templateid>
				<status>1</status>
				<issent>0</issent>
				<timemodified>1615156270</timemodified>
				<usermodified>19239</usermodified>
			</notification>
		</notifications>
		<sessions>
			<session id="">
				<capacity>10</capacity>
				<allowoverbook>0</allowoverbook>
				<waitlisteveryone>0</waitlisteveryone>
				<details></details>
				<normalcost>0</normalcost>
				<discountcost>0</discountcost>
				<allowcancellations>1</allowcancellations>
				<cancellationcutoff>0</cancellationcutoff>
				<timecreated>1626504628</timecreated>
				<timemodified>1626504628</timemodified>
				<usermodified></usermodified>
				<selfapproval>0</selfapproval>
				<mincapacity>0</mincapacity>
				<cutoff>0</cutoff>
				<sendcapacityemail>0</sendcapacityemail>
				<registrationtimestart>0</registrationtimestart>
				<registrationtimefinish>0</registrationtimefinish>
				<cancelledstatus>0</cancelledstatus>
				<session_roles></session_roles>
				<custom_fields></custom_fields>
				<sessioncancel_fields></sessioncancel_fields>
				<signups></signups>
				<sessions_dates>
					<sessions_date id="">
						<sessiontimezone></sessiontimezone>
						<timestart>1626483600</timestart>
						<timefinish>1626484500</timefinish>
						<assets></assets>
					</sessions_date>
				</sessions_dates>
			</session>
			<session id="">
				<capacity>10</capacity>
				<allowoverbook>0</allowoverbook>
				<waitlisteveryone>0</waitlisteveryone>
				<details></details>
				<normalcost>0</normalcost>
				<discountcost>0</discountcost>
				<allowcancellations>1</allowcancellations>
				<cancellationcutoff>0</cancellationcutoff>
				<timecreated>1626504628</timecreated>
				<timemodified>1626504628</timemodified>
				<usermodified></usermodified>
				<selfapproval>0</selfapproval>
				<mincapacity>0</mincapacity>
				<cutoff>0</cutoff>
				<sendcapacityemail>0</sendcapacityemail>
				<registrationtimestart>0</registrationtimestart>
				<registrationtimefinish>0</registrationtimefinish>
				<cancelledstatus>0</cancelledstatus>
				<session_roles></session_roles>
				<custom_fields></custom_fields>
				<sessioncancel_fields></sessioncancel_fields>
				<signups></signups>
				<sessions_dates>
					<sessions_date id="">
						<sessiontimezone></sessiontimezone>
						<timestart>1626829200</timestart>
						<timefinish>1626830100</timefinish>
						<assets></assets>
					</sessions_date>
				</sessions_dates>
			</session>
			<session id="">
				<capacity>10</capacity>
				<allowoverbook>0</allowoverbook>
				<waitlisteveryone>0</waitlisteveryone>
				<details></details>
				<normalcost>0</normalcost>
				<discountcost>0</discountcost>
				<allowcancellations>1</allowcancellations>
				<cancellationcutoff>0</cancellationcutoff>
				<timecreated>1626504628</timecreated>
				<timemodified>1626504628</timemodified>
				<usermodified></usermodified>
				<selfapproval>0</selfapproval>
				<mincapacity>0</mincapacity>
				<cutoff>0</cutoff>
				<sendcapacityemail>0</sendcapacityemail>
				<registrationtimestart>0</registrationtimestart>
				<registrationtimefinish>0</registrationtimefinish>
				<cancelledstatus>0</cancelledstatus>
				<session_roles></session_roles>
				<custom_fields></custom_fields>
				<sessioncancel_fields></sessioncancel_fields>
				<signups></signups>
				<sessions_dates>
					<sessions_date id="">
						<sessiontimezone></sessiontimezone>
						<timestart>1627002000</timestart>
						<timefinish>1627002900</timefinish>
						<assets></assets>
					</sessions_date>
				</sessions_dates>
			</session>
			<session id="">
				<capacity>10</capacity>
				<allowoverbook>0</allowoverbook>
				<waitlisteveryone>0</waitlisteveryone>
				<details></details>
				<normalcost>0</normalcost>
				<discountcost>0</discountcost>
				<allowcancellations>1</allowcancellations>
				<cancellationcutoff>0</cancellationcutoff>
				<timecreated>1626504628</timecreated>
				<timemodified>1626504628</timemodified>
				<usermodified></usermodified>
				<selfapproval>0</selfapproval>
				<mincapacity>0</mincapacity>
				<cutoff>0</cutoff>
				<sendcapacityemail>0</sendcapacityemail>
				<registrationtimestart>0</registrationtimestart>
				<registrationtimefinish>0</registrationtimefinish>
				<cancelledstatus>0</cancelledstatus>
				<session_roles></session_roles>
				<custom_fields></custom_fields>
				<sessioncancel_fields></sessioncancel_fields>
				<signups></signups>
				<sessions_dates>
					<sessions_date id="">
						<sessiontimezone></sessiontimezone>
						<timestart>1627088400</timestart>
						<timefinish>1627089300</timefinish>
						<assets></assets>
					</sessions_date>
				</sessions_dates>
			</session>
			<session id="">
				<capacity>10</capacity>
				<allowoverbook>0</allowoverbook>
				<waitlisteveryone>0</waitlisteveryone>
				<details></details>
				<normalcost>0</normalcost>
				<discountcost>0</discountcost>
				<allowcancellations>1</allowcancellations>
				<cancellationcutoff>0</cancellationcutoff>
				<timecreated>1626504628</timecreated>
				<timemodified>1626504628</timemodified>
				<usermodified></usermodified>
				<selfapproval>0</selfapproval>
				<mincapacity>0</mincapacity>
				<cutoff>0</cutoff>
				<sendcapacityemail>0</sendcapacityemail>
				<registrationtimestart>0</registrationtimestart>
				<registrationtimefinish>0</registrationtimefinish>
				<cancelledstatus>0</cancelledstatus>
				<session_roles></session_roles>
				<custom_fields></custom_fields>
				<sessioncancel_fields></sessioncancel_fields>
				<signups></signups>
				<sessions_dates>
					<sessions_date id="">
						<sessiontimezone></sessiontimezone>
						<timestart>1627434000</timestart>
						<timefinish>1627434900</timefinish>
						<assets></assets>
					</sessions_date>
				</sessions_dates>
			</session>
			<session id="">
				<capacity>10</capacity>
				<allowoverbook>0</allowoverbook>
				<waitlisteveryone>0</waitlisteveryone>
				<details></details>
				<normalcost>0</normalcost>
				<discountcost>0</discountcost>
				<allowcancellations>1</allowcancellations>
				<cancellationcutoff>0</cancellationcutoff>
				<timecreated>1626504628</timecreated>
				<timemodified>1626504628</timemodified>
				<usermodified></usermodified>
				<selfapproval>0</selfapproval>
				<mincapacity>0</mincapacity>
				<cutoff>0</cutoff>
				<sendcapacityemail>0</sendcapacityemail>
				<registrationtimestart>0</registrationtimestart>
				<registrationtimefinish>0</registrationtimefinish>
				<cancelledstatus>0</cancelledstatus>
				<session_roles></session_roles>
				<custom_fields></custom_fields>
				<sessioncancel_fields></sessioncancel_fields>
				<signups></signups>
				<sessions_dates>
					<sessions_date id="">
						<sessiontimezone></sessiontimezone>
						<timestart>1627606800</timestart>
						<timefinish>1627607700</timefinish>
						<assets></assets>
					</sessions_date>
				</sessions_dates>
			</session>
			<session id="">
				<capacity>10</capacity>
				<allowoverbook>0</allowoverbook>
				<waitlisteveryone>0</waitlisteveryone>
				<details></details>
				<normalcost>0</normalcost>
				<discountcost>0</discountcost>
				<allowcancellations>1</allowcancellations>
				<cancellationcutoff>0</cancellationcutoff>
				<timecreated>1626504628</timecreated>
				<timemodified>1626504628</timemodified>
				<usermodified></usermodified>
				<selfapproval>0</selfapproval>
				<mincapacity>0</mincapacity>
				<cutoff>0</cutoff>
				<sendcapacityemail>0</sendcapacityemail>
				<registrationtimestart>0</registrationtimestart>
				<registrationtimefinish>0</registrationtimefinish>
				<cancelledstatus>0</cancelledstatus>
				<session_roles></session_roles>
				<custom_fields></custom_fields>
				<sessioncancel_fields></sessioncancel_fields>
				<signups></signups>
				<sessions_dates>
					<sessions_date id="">
						<sessiontimezone></sessiontimezone>
						<timestart>1627693200</timestart>
						<timefinish>1627694100</timefinish>
						<assets></assets>
					</sessions_date>
				</sessions_dates>
			</session>
		</sessions>
		<interests></interests>
	</facetoface>
</activity>