<?xml version="1.0" encoding="UTF-8"?>
<module id="14283" version="2018112212">
  <modulename>facetoface</modulename>
  <sectionid>3905</sectionid>
  <sectionnumber>0</sectionnumber>
  <idnumber></idnumber>
  <added>1615156270</added>
  <score>0</score>
  <indent>0</indent>
  <visible>1</visible>
  <visibleold>1</visibleold>
  <groupmode>0</groupmode>
  <groupingid>0</groupingid>
  <completion>0</completion>
  <completiongradeitemnumber>$@NULL@$</completiongradeitemnumber>
  <completionview>0</completionview>
  <completionexpected>0</completionexpected>
  <availability>$@NULL@$</availability>
  <showdescription>0</showdescription>
  <tags>
  </tags>
</module>